{
  "noise_type": "Gaussian",
  "noise_param": 100,
  "train_loss": [
    4.505451387213182,
    3.395113945007324,
    3.258665228998938,
    3.2822600501452306,
    3.253274690273196,
    3.2637726188630096,
    3.2525853371435356,
    3.2458152826442275,
    3.2506171474161074,
    3.245520780252856,
    3.2446502493333447,
    3.2385246716728506,
    3.238000991732575,
    3.237052926721499,
    3.236562122670255,
    3.235844002213589,
    3.2307971355526948,
    3.228505992150122,
    3.2261942467948264,
    3.2239261449769487,
    3.2124255830927413,
    3.2122542229733724,
    3.2070006178331005,
    3.203940742699675,
    3.2026190850161766,
    3.199490240377973,
    3.1962977028632347,
    3.1930454073026198,
    3.1845279885816944,
    3.1820642948150635
  ],
  "valid_loss": [
    3.3022318681081138,
    3.267140754063924,
    3.2763631979624432,
    3.271976184844971,
    3.262128448486328,
    3.248867559432983,
    3.246727434794108,
    3.2441925207773843,
    3.2441677252451577,
    3.2433582305908204,
    3.2462090174357097,
    3.239118544260661,
    3.2429876645406086,
    3.2594775358835855,
    3.2411279837290445,
    3.2399533430735272,
    3.2401384035746257,
    3.2423268000284833,
    3.242424201965332,
    3.2430185000101726,
    3.244768253962199,
    3.2525891145070394,
    3.2451813856760663,
    3.2448145389556884,
    3.2503599961598715,
    3.2492480436960856,
    3.2524991830190024,
    3.2513774236043296,
    3.255069303512573,
    3.2574210166931152
  ],
  "valid_psnr": [
    35.74583234201485,
    35.87247324932626,
    35.85244695006499,
    35.86590024013301,
    35.893861157340886,
    35.93333256827681,
    35.93782285993975,
    35.94591780631773,
    35.946271624451,
    35.94808291892728,
    35.94106792088726,
    35.963465000910766,
    35.952057885081665,
    35.90733146072054,
    35.95792989899539,
    35.9589855539439,
    35.96147936960909,
    35.95546861741843,
    35.95448910954343,
    35.95386252666239,
    35.94772428181119,
    35.926339843146636,
    35.947479005906885,
    35.949081508227614,
    35.93506411533574,
    35.936305578988005,
    35.928619555454475,
    35.93068496196005,
    35.921140311535886,
    35.915267019440556
  ]
}